{"cameraMode":{"drawMode":0,"name":"Shaded","section":"Shading Mode"},"sceneLighting":true,"audioPlay":false,"sceneViewState":{"showFog":true,"showMaterialUpdate":false,"showSkybox":true,"showFlares":true,"showImageEffects":true,"showParticleSystems":true},"in2DMode":false,"pivot":{"x":-0.39983129501342776,"y":1.281148910522461,"z":-0.2868337631225586},"rotation":{"x":-0.1416805386543274,"y":0.8578424453735352,"z":-0.33352482318878176,"w":-0.3644094467163086},"size":10.0,"orthographic":false}