{"cameraMode":{"drawMode":0,"name":"Shaded","section":"Shading Mode"},"sceneLighting":true,"audioPlay":false,"sceneViewState":{"showFog":true,"showMaterialUpdate":false,"showSkybox":true,"showFlares":true,"showImageEffects":true,"showParticleSystems":true},"in2DMode":false,"pivot":{"x":-0.90802001953125,"y":0.5453519821166992,"z":-1.2659764289855958},"rotation":{"x":-0.46072345972061159,"y":-0.0008021609974093735,"z":0.00041585054714232683,"w":-0.8875433206558228},"size":10.0,"orthographic":false}